[{"f":1},{"f":3,"s":[{"f":2},{"f":3},{"f":8},{"f":11},{"f":17,"s":[{"f":21},{"f":22}]},{"f":25}]},{"f":4,"s":[{"f":1},{"f":16},{"f":17,"s":[{"f":21},{"f":22}]}]},{"f":5,"s":[{"f":3},{"f":4},{"f":5},{"f":16},{"f":17,"s":[{"f":21},{"f":22}]}]},{"f":6,"s":[{"f":1},{"f":17,"s":[{"f":21},{"f":22}]},{"f":30}]},{"f":7,"s":[{"f":2},{"f":7},{"f":10},{"f":17,"s":[{"f":21},{"f":22}]},{"f":20}]},{"f":8,"s":[{"f":2},{"f":7},{"f":9},{"f":17,"s":[{"f":21},{"f":22}]},{"f":21}]},{"f":9,"s":[{"f":2},{"f":6},{"f":7},{"f":13},{"f":17,"s":[{"f":21},{"f":22}]},{"f":20}]},{"f":12,"s":[{"f":1},{"f":2},{"f":14,"m":true},{"f":15}]},{"f":18,"s":[{"f":6},{"f":16},{"f":17,"s":[{"f":21},{"f":22}]}]},{"f":26,"s":[{"f":4},{"f":5},{"f":8},{"f":13},{"f":17,"s":[{"f":21},{"f":22}]}]},{"f":28,"s":[{"f":1},{"f":2},{"f":4},{"f":5},{"f":6},{"f":7,"s":[{"f":21},{"f":22}]}]},{"f":37,"s":[{"f":1,"m":true}]},{"f":49,"s":[{"f":2},{"f":3,"s":[{"f":1},{"f":2}]},{"f":5,"s":[{"f":21},{"f":22}]},{"f":8,"s":[{"f":1},{"f":2}]}]},{"f":53,"s":[{"f":1,"m":true}]},{"f":55,"s":[{"f":1,"m":true}]},{"f":58,"s":[{"f":1,"m":true}]},{"f":59,"s":[{"f":1,"m":true}]},{"f":60,"s":[{"f":2},{"f":3,"s":[{"f":1},{"f":2}]},{"f":5,"s":[{"f":21},{"f":22}]},{"f":8,"s":[{"f":1},{"f":2}]}]},{"f":64,"s":[{"f":2},{"f":3,"s":[{"f":1},{"f":2}]},{"f":5,"s":[{"f":21},{"f":22}]},{"f":8,"s":[{"f":1},{"f":2}]}]},{"f":66,"s":[{"f":2},{"f":6},{"f":7},{"f":13},{"f":17,"s":[{"f":21},{"f":22}]},{"f":20}]},{"f":74,"s":[{"f":1,"m":true}]},{"f":87,"s":[{"f":1,"m":true}]},{"f":88,"s":[{"f":1},{"f":2,"s":[{"f":1}]},{"f":3,"s":[{"f":21},{"f":22}]}]},{"f":92,"s":[{"f":1,"m":true}]},{"f":93,"s":[{"f":1,"m":true}]},{"f":94,"s":[{"f":1,"m":true}]}]
